{
    "appid": 40,
    "name": "Deathmatch Classic",
    "type": "Game",
    "schinese_name": "死亡竞技：经典版",
    "isfreeapp": 0,
    "update_time": "2025-06-06 04:59:00",
    "change_number": 29404540,
    "depot": {
        "1": {
            "systemdefined": "1",
            "config": {
                "language": ""
            },
            "depotfromapp": "70",
            "sharedinstall": "2"
        },
        "41": {
            "systemdefined": "1",
            "manifests": {
                "public": {
                    "gid": "2010889186716175170",
                    "size": "48239254",
                    "download": "21748128"
                },
                "beta": {
                    "gid": "2010889186716175170",
                    "size": "48239254",
                    "download": "21748128"
                }
            },
            "decryptionkey": "025b3eca6aed746732da1e3669452167afa6df93a4a732f76f82776d63c11661"
        },
        "3": {
            "systemdefined": "1",
            "config": {
                "language": ""
            },
            "depotfromapp": "70",
            "sharedinstall": "2"
        },
        "9": {
            "config": {
                "oslist": "macos",
                "language": ""
            },
            "systemdefined": "1",
            "depotfromapp": "70",
            "sharedinstall": "2"
        },
        "2": {
            "config": {
                "oslist": "windows",
                "language": ""
            },
            "systemdefined": "1",
            "depotfromapp": "70",
            "sharedinstall": "2"
        },
        "8": {
            "config": {
                "oslist": "linux",
                "language": ""
            },
            "systemdefined": "1",
            "depotfromapp": "70",
            "sharedinstall": "2"
        },
        "6": {
            "config": {
                "lowviolence": "1",
                "language": ""
            },
            "depotfromapp": "70",
            "sharedinstall": "2"
        },
        "72": {
            "config": {
                "language": "french"
            },
            "depotfromapp": "70",
            "sharedinstall": "2"
        },
        "73": {
            "config": {
                "language": "italian"
            },
            "depotfromapp": "70",
            "sharedinstall": "2"
        },
        "74": {
            "config": {
                "language": "german"
            },
            "depotfromapp": "70",
            "sharedinstall": "2"
        },
        "75": {
            "config": {
                "language": "spanish"
            },
            "depotfromapp": "70",
            "sharedinstall": "2"
        },
        "77": {
            "config": {
                "language": "schinese"
            },
            "depotfromapp": "70",
            "sharedinstall": "2"
        },
        "78": {
            "config": {
                "language": "koreana"
            },
            "depotfromapp": "70",
            "sharedinstall": "2"
        },
        "79": {
            "config": {
                "language": "tchinese"
            },
            "depotfromapp": "70",
            "sharedinstall": "2"
        },
        "141": {
            "config": {
                "language": "russian"
            },
            "depotfromapp": "70",
            "sharedinstall": "2"
        },
        "42": {
            "config": {
                "language": "french"
            },
            "manifests": {
                "public": {
                    "gid": "6706743008656511400",
                    "size": "42361",
                    "download": "26816"
                },
                "beta": {
                    "gid": "6706743008656511400",
                    "size": "42361",
                    "download": "26816"
                }
            },
            "decryptionkey": "dbf1cb61d0e85bc273f75e5783379604a9535d51d890ba3ac4bf33a3179e5d1b"
        },
        "43": {
            "config": {
                "language": "italian"
            },
            "manifests": {
                "public": {
                    "gid": "7539779087273614326",
                    "size": "42597",
                    "download": "26848"
                },
                "beta": {
                    "gid": "7539779087273614326",
                    "size": "42597",
                    "download": "26848"
                }
            },
            "decryptionkey": "aa98bee53ed3ef9af322ce948ccb6d047ffb1db406454f26bc1cd4c00f524059"
        },
        "44": {
            "config": {
                "language": "german"
            },
            "manifests": {
                "public": {
                    "gid": "2527015534741255929",
                    "size": "143293",
                    "download": "16272"
                },
                "beta": {
                    "gid": "2527015534741255929",
                    "size": "143293",
                    "download": "16272"
                }
            },
            "decryptionkey": "60eddbf739a2d595b66ba0bda767de73f05fb962e93aa5028f697532a9e99c8d"
        },
        "45": {
            "config": {
                "language": "spanish"
            },
            "manifests": {
                "public": {
                    "gid": "281708254088077590",
                    "size": "42655",
                    "download": "26928"
                },
                "beta": {
                    "gid": "281708254088077590",
                    "size": "42655",
                    "download": "26928"
                }
            },
            "decryptionkey": "219e96e5fd5ef98d939303b989c41d8a4fc282923f4ba5c2626f689b709b623f"
        },
        "overridescddb": "1",
        "branches": {
            "public": {
                "buildid": "5424794",
                "timeupdated": "1597805818"
            },
            "beta": {
                "buildid": "5424794",
                "description": "SteamPipe beta",
                "timeupdated": "1597791653"
            }
        }
    }
}