{
    "appid": 10,
    "name": "Counter-Strike",
    "type": "Game",
    "schinese_name": "反恐精英",
    "isfreeapp": 0,
    "update_time": "2025-07-02 10:09:15",
    "change_number": 28969249,
    "depot": {
        "228988": {
            "config": {
                "oslist": "windows"
            },
            "depotfromapp": "228980",
            "sharedinstall": "1"
        },
        "1": {
            "systemdefined": "1",
            "config": {
                "language": ""
            },
            "depotfromapp": "70",
            "sharedinstall": "2"
        },
        "11": {
            "systemdefined": "1",
            "manifests": {
                "public": {
                    "gid": "3018093494972814332",
                    "size": "292340389",
                    "download": "149760208"
                },
                "beta": {
                    "gid": "4720911300072406946",
                    "size": "292616113",
                    "download": "149774000"
                },
                "steam_legacy": {
                    "gid": "4720911300072406946",
                    "size": "292616113",
                    "download": "149774000"
                }
            },
            "decryptionkey": "dacfb281a0abbecc078e884aef2a69caf7723f4066ce3f493ea02248abc8de71"
        },
        "95": {
            "optional": "1",
            "systemdefined": "1",
            "manifests": {
                "public": {
                    "gid": "7685864384078520360",
                    "size": "26459518",
                    "download": "14626816"
                },
                "beta": {
                    "gid": "7685864384078520360",
                    "size": "26459518",
                    "download": "14626816"
                },
                "steam_legacy": {
                    "gid": "7685864384078520360",
                    "size": "26459518",
                    "download": "14626816"
                }
            },
            "decryptionkey": "7ab15ade88539a6bee8195ae0b1a2a44ad68813632ac2dc230169a64893556e2"
        },
        "3": {
            "systemdefined": "1",
            "config": {
                "language": ""
            },
            "depotfromapp": "70",
            "sharedinstall": "2"
        },
        "8": {
            "config": {
                "oslist": "linux",
                "language": ""
            },
            "systemdefined": "1",
            "depotfromapp": "70",
            "sharedinstall": "2"
        },
        "2": {
            "config": {
                "oslist": "windows",
                "language": ""
            },
            "systemdefined": "1",
            "depotfromapp": "70",
            "sharedinstall": "2"
        },
        "9": {
            "config": {
                "oslist": "macos",
                "language": ""
            },
            "systemdefined": "1",
            "depotfromapp": "70",
            "sharedinstall": "2"
        },
        "6": {
            "config": {
                "lowviolence": "1",
                "language": ""
            },
            "depotfromapp": "70",
            "sharedinstall": "2"
        },
        "72": {
            "config": {
                "language": "french"
            },
            "depotfromapp": "70",
            "sharedinstall": "2"
        },
        "73": {
            "config": {
                "language": "italian"
            },
            "depotfromapp": "70",
            "sharedinstall": "2"
        },
        "74": {
            "config": {
                "language": "german"
            },
            "depotfromapp": "70",
            "sharedinstall": "2"
        },
        "75": {
            "config": {
                "language": "spanish"
            },
            "depotfromapp": "70",
            "sharedinstall": "2"
        },
        "77": {
            "config": {
                "language": "schinese"
            },
            "depotfromapp": "70",
            "sharedinstall": "2"
        },
        "78": {
            "config": {
                "language": "koreana"
            },
            "depotfromapp": "70",
            "sharedinstall": "2"
        },
        "79": {
            "config": {
                "language": "tchinese"
            },
            "depotfromapp": "70",
            "sharedinstall": "2"
        },
        "141": {
            "config": {
                "language": "russian"
            },
            "depotfromapp": "70",
            "sharedinstall": "2"
        },
        "12": {
            "config": {
                "language": "french"
            },
            "manifests": {
                "public": {
                    "gid": "7476629819067189879",
                    "size": "2573248",
                    "download": "1451920"
                },
                "beta": {
                    "gid": "4249506477070150661",
                    "size": "2578716",
                    "download": "1456016"
                },
                "steam_legacy": {
                    "gid": "4249506477070150661",
                    "size": "2578716",
                    "download": "1456016"
                }
            },
            "decryptionkey": "4989c0128f7c8f0194425db0e36c2800e0f0c0e31373bff7661e8a806f79c82c"
        },
        "13": {
            "config": {
                "language": "italian"
            },
            "manifests": {
                "public": {
                    "gid": "1596103708518313909",
                    "size": "6335639",
                    "download": "5369424"
                },
                "beta": {
                    "gid": "8121279989947809180",
                    "size": "6340918",
                    "download": "5373280"
                },
                "steam_legacy": {
                    "gid": "8121279989947809180",
                    "size": "6340918",
                    "download": "5373280"
                }
            },
            "decryptionkey": "2f7229ad38de3e01bbf7816c22aa22a239bebbd9eb1347b5b8d48681e53117f3"
        },
        "14": {
            "config": {
                "language": "german"
            },
            "manifests": {
                "public": {
                    "gid": "4163740413628378088",
                    "size": "2137436",
                    "download": "1191920"
                },
                "beta": {
                    "gid": "797471157445930276",
                    "size": "2142668",
                    "download": "1195744"
                },
                "steam_legacy": {
                    "gid": "797471157445930276",
                    "size": "2142668",
                    "download": "1195744"
                }
            },
            "decryptionkey": "447273cfeac2d08447c113fd1065235f5abe5a17e6f6487c50393fed0014e131"
        },
        "15": {
            "config": {
                "language": "spanish"
            },
            "manifests": {
                "public": {
                    "gid": "2951655054604220030",
                    "size": "2087297",
                    "download": "1137440"
                },
                "beta": {
                    "gid": "347793025475409008",
                    "size": "2093459",
                    "download": "1142048"
                },
                "steam_legacy": {
                    "gid": "347793025475409008",
                    "size": "2093459",
                    "download": "1142048"
                }
            },
            "decryptionkey": "7b217d6cc4650b0657392c11b8f0a689be2ac7037a17d3a82f8c1a09d3cd386b"
        },
        "17": {
            "config": {
                "language": "schinese"
            },
            "manifests": {
                "public": {
                    "gid": "8232848132911478974",
                    "size": "10864020",
                    "download": "8988336"
                },
                "beta": {
                    "gid": "3300893578491173381",
                    "size": "10868592",
                    "download": "8990864"
                },
                "steam_legacy": {
                    "gid": "3300893578491173381",
                    "size": "10868592",
                    "download": "8990864"
                }
            },
            "decryptionkey": "67bff47a4f20a2dbfc1e156d84fc6f1508dce43212347723f3bb916619224506"
        },
        "18": {
            "config": {
                "language": "koreana"
            },
            "manifests": {
                "public": {
                    "gid": "9210252686867714338",
                    "size": "2954322",
                    "download": "2251424"
                },
                "beta": {
                    "gid": "2731601746579743404",
                    "size": "2958713",
                    "download": "2254256"
                },
                "steam_legacy": {
                    "gid": "2731601746579743404",
                    "size": "2958713",
                    "download": "2254256"
                }
            },
            "decryptionkey": "8d2761f52afa196eda68faa7a613e64965fa0ce7ebca0780ba2cbe94c1d6a409"
        },
        "19": {
            "config": {
                "language": "tchinese"
            },
            "manifests": {
                "public": {
                    "gid": "5149037574830114753",
                    "size": "2651129",
                    "download": "2010848"
                },
                "beta": {
                    "gid": "4715338954315985237",
                    "size": "2654864",
                    "download": "2013552"
                },
                "steam_legacy": {
                    "gid": "4715338954315985237",
                    "size": "2654864",
                    "download": "2013552"
                }
            },
            "decryptionkey": "42ed27e3851524839873cc01d0408d2d76ae6d879404f16d48681329efffadad"
        },
        "142": {
            "config": {
                "language": "russian"
            },
            "manifests": {
                "public": {
                    "gid": "8052183366346984139",
                    "size": "365340",
                    "download": "60320"
                },
                "beta": {
                    "gid": "8052183366346984139",
                    "size": "365340",
                    "download": "60320"
                },
                "steam_legacy": {
                    "gid": "8052183366346984139",
                    "size": "365340",
                    "download": "60320"
                }
            },
            "decryptionkey": ""
        },
        "overridescddb": "1",
        "branches": {
            "public": {
                "buildid": "12934623",
                "timeupdated": "1702399024"
            },
            "beta": {
                "buildid": "5424799",
                "description": "Beta",
                "timeupdated": "1597789888"
            },
            "steam_legacy": {
                "buildid": "5424799",
                "description": "Pre-25th Anniversary Build",
                "timeupdated": "1700675258"
            }
        },
        "privatebranches": "1"
    }
}