{
    "appid": 20,
    "name": "Team Fortress Classic",
    "type": "Game",
    "schinese_name": "军团要塞：经典版",
    "isfreeapp": 0,
    "update_time": "2025-06-24 14:49:00",
    "change_number": 29723986,
    "depot": {
        "1": {
            "systemdefined": "1",
            "config": {
                "language": ""
            },
            "depotfromapp": "70",
            "sharedinstall": "2"
        },
        "21": {
            "systemdefined": "1",
            "manifests": {
                "public": {
                    "gid": "8366138213717995211",
                    "size": "125934169",
                    "download": "60896768"
                },
                "beta": {
                    "gid": "8366138213717995211",
                    "size": "125934169",
                    "download": "60896768"
                },
                "steam_legacy": {
                    "gid": "7841127166138118042",
                    "size": "124989202",
                    "download": "60666624"
                }
            },
            "decryptionkey": "5e65afcc360e7a91ccb619a2844343f1fb812d08c0bec737dd8312bde44f2bf0"
        },
        "3": {
            "systemdefined": "1",
            "config": {
                "language": ""
            },
            "depotfromapp": "70",
            "sharedinstall": "2"
        },
        "9": {
            "config": {
                "oslist": "macos",
                "language": ""
            },
            "systemdefined": "1",
            "depotfromapp": "70",
            "sharedinstall": "2"
        },
        "2": {
            "config": {
                "oslist": "windows",
                "language": ""
            },
            "systemdefined": "1",
            "depotfromapp": "70",
            "sharedinstall": "2"
        },
        "8": {
            "config": {
                "oslist": "linux",
                "language": ""
            },
            "systemdefined": "1",
            "depotfromapp": "70",
            "sharedinstall": "2"
        },
        "96": {
            "config": {
                "language": ""
            },
            "depotfromapp": "70",
            "sharedinstall": "2"
        },
        "6": {
            "config": {
                "lowviolence": "1",
                "language": ""
            },
            "depotfromapp": "70",
            "sharedinstall": "2"
        },
        "72": {
            "config": {
                "language": "french"
            },
            "depotfromapp": "70",
            "sharedinstall": "2"
        },
        "73": {
            "config": {
                "language": "italian"
            },
            "depotfromapp": "70",
            "sharedinstall": "2"
        },
        "74": {
            "config": {
                "language": "german"
            },
            "depotfromapp": "70",
            "sharedinstall": "2"
        },
        "75": {
            "config": {
                "language": "spanish"
            },
            "depotfromapp": "70",
            "sharedinstall": "2"
        },
        "77": {
            "config": {
                "language": "schinese"
            },
            "depotfromapp": "70",
            "sharedinstall": "2"
        },
        "78": {
            "config": {
                "language": "koreana"
            },
            "depotfromapp": "70",
            "sharedinstall": "2"
        },
        "79": {
            "config": {
                "language": "tchinese"
            },
            "depotfromapp": "70",
            "sharedinstall": "2"
        },
        "141": {
            "config": {
                "language": "russian"
            },
            "depotfromapp": "70",
            "sharedinstall": "2"
        },
        "22": {
            "config": {
                "language": "french"
            },
            "manifests": {
                "public": {
                    "gid": "548460588168067581",
                    "size": "459986",
                    "download": "277792"
                },
                "beta": {
                    "gid": "548460588168067581",
                    "size": "459986",
                    "download": "277792"
                },
                "steam_legacy": {
                    "gid": "3314961887333137053",
                    "size": "467046",
                    "download": "283968"
                }
            },
            "decryptionkey": "5228e244ad14903dc8ae46ae97b1a5e60932b0f57b2450f0f3b016467fc2cf09"
        },
        "23": {
            "config": {
                "language": "italian"
            },
            "manifests": {
                "public": {
                    "gid": "6644226948230639774",
                    "size": "458109",
                    "download": "268672"
                },
                "beta": {
                    "gid": "6644226948230639774",
                    "size": "458109",
                    "download": "268672"
                },
                "steam_legacy": {
                    "gid": "2879882074779232341",
                    "size": "466192",
                    "download": "275712"
                }
            },
            "decryptionkey": "9f76dddac9888b5e5491aaea81b5f37bfdc947e07bddba6a3026bbeac820b140"
        },
        "24": {
            "config": {
                "language": "german"
            },
            "manifests": {
                "public": {
                    "gid": "1879935118707678628",
                    "size": "6198128",
                    "download": "464688"
                },
                "beta": {
                    "gid": "1879935118707678628",
                    "size": "6198128",
                    "download": "464688"
                },
                "steam_legacy": {
                    "gid": "2190082753677736743",
                    "size": "6206254",
                    "download": "471984"
                }
            },
            "decryptionkey": "a2ad6af5fe758c7c1323fec5b5b801c3853cf4a14707f40c0d52f378991c771e"
        },
        "25": {
            "config": {
                "language": "spanish"
            },
            "manifests": {
                "public": {
                    "gid": "3270411975661146703",
                    "size": "467921",
                    "download": "275984"
                },
                "beta": {
                    "gid": "3270411975661146703",
                    "size": "467921",
                    "download": "275984"
                },
                "steam_legacy": {
                    "gid": "2265638006490284094",
                    "size": "474602",
                    "download": "282464"
                }
            },
            "decryptionkey": "6f7dc748668fa80cd5883536d5396365393b35fc68f35b8dea74e7fab959d57c"
        },
        "overridescddb": "1",
        "branches": {
            "public": {
                "buildid": "15961539",
                "timeupdated": "1728506619"
            },
            "beta": {
                "buildid": "15961539",
                "description": "SteamPipe beta",
                "timeupdated": "1728506788"
            },
            "steam_legacy": {
                "buildid": "5424801",
                "description": "Pre-25th Anniversary Build",
                "timeupdated": "1727884432"
            }
        }
    }
}