{
    "appid": 70,
    "name": "Half-Life",
    "type": "Game",
    "schinese_name": "半条命",
    "isfreeapp": 0,
    "update_time": "2025-07-13 19:31:18",
    "change_number": 30037899,
    "depot": {
        "228988": {
            "config": {
                "oslist": "windows"
            },
            "depotfromapp": "228980",
            "sharedinstall": "1"
        },
        "overridescddb": "1",
        "1": {
            "systemdefined": "1",
            "config": {
                "language": ""
            },
            "manifests": {
                "public": {
                    "gid": "2667117727132184734",
                    "size": "513399519",
                    "download": "264641152"
                },
                "steam_legacy": {
                    "gid": "5928322771446233610",
                    "size": "429833890",
                    "download": "245303808"
                },
                "beta": {
                    "gid": "2667117727132184734",
                    "size": "513399519",
                    "download": "264641152"
                }
            },
            "decryptionkey": "b465d45ab2a7c396f7d1c08a6644e68529ec86b14da77e18588abbbcd2412060"
        },
        "3": {
            "systemdefined": "1",
            "config": {
                "language": ""
            },
            "manifests": {
                "public": {
                    "gid": "6081070194444336449",
                    "size": "893958",
                    "download": "148112"
                },
                "steam_legacy": {
                    "gid": "8096513071444961518",
                    "size": "895434",
                    "download": "148592"
                },
                "beta": {
                    "gid": "6081070194444336449",
                    "size": "893958",
                    "download": "148112"
                }
            },
            "decryptionkey": "d249f7d93387a793ed021f0e2314ad0cea0d6aef0b0881c3b725a33deec37d59"
        },
        "71": {
            "systemdefined": "1",
            "config": {
                "language": ""
            },
            "manifests": {
                "public": {
                    "gid": "3982364535202188842",
                    "size": "16428421",
                    "download": "4188240"
                },
                "steam_legacy": {
                    "gid": "9183617604528345869",
                    "size": "15302314",
                    "download": "3886448"
                },
                "beta": {
                    "gid": "3982364535202188842",
                    "size": "16428421",
                    "download": "4188240"
                }
            },
            "decryptionkey": "71d9ddf78d068fed9320d6fcf7733b62e6957de71a5a14bfa9620401e97d3829"
        },
        "96": {
            "config": {
                "language": ""
            },
            "manifests": {
                "public": {
                    "gid": "6298465564582633871",
                    "size": "9067684",
                    "download": "5963504"
                },
                "steam_legacy": {
                    "gid": "8007990985538868417",
                    "size": "8060176",
                    "download": "5689520"
                },
                "beta": {
                    "gid": "6298465564582633871",
                    "size": "9067684",
                    "download": "5963504"
                }
            },
            "decryptionkey": "aa927e7fc0b2d0ff4a2b681657e816ef56995ec76aa99069ebdc1b01d8d226af"
        },
        "9": {
            "config": {
                "oslist": "macos",
                "language": ""
            },
            "systemdefined": "1",
            "manifests": {
                "public": {
                    "gid": "1083345737969856561",
                    "size": "55480049",
                    "download": "19253680"
                },
                "steam_legacy": {
                    "gid": "5920416249792874591",
                    "size": "52997165",
                    "download": "19007840"
                },
                "beta": {
                    "gid": "1083345737969856561",
                    "size": "55480049",
                    "download": "19253680"
                }
            },
            "decryptionkey": "68c92cf2532cdc6e0b7a9d2783b473b6d16bac72218badf68d7be9b033076096"
        },
        "8": {
            "config": {
                "oslist": "linux",
                "language": ""
            },
            "systemdefined": "1",
            "manifests": {
                "public": {
                    "gid": "1360709870205537514",
                    "size": "127612567",
                    "download": "42477296"
                },
                "steam_legacy": {
                    "gid": "8088891443299905514",
                    "size": "101276917",
                    "download": "34443152"
                },
                "beta": {
                    "gid": "1360709870205537514",
                    "size": "127612567",
                    "download": "42477296"
                }
            },
            "decryptionkey": "20af1043db56d6408ddd965580e1269005b6e04f81c3676d155174f73099da95"
        },
        "2": {
            "config": {
                "oslist": "windows",
                "language": ""
            },
            "systemdefined": "1",
            "manifests": {
                "public": {
                    "gid": "724247850320422500",
                    "size": "49814373",
                    "download": "19297632"
                },
                "steam_legacy": {
                    "gid": "2139852524811213490",
                    "size": "43425161",
                    "download": "18630208"
                },
                "beta": {
                    "gid": "724247850320422500",
                    "size": "49814373",
                    "download": "19297632"
                }
            },
            "decryptionkey": "fd681c065529f5ee95e920321a780a9290f8f31ef51c232ccb3e98d27e132ebc"
        },
        "6": {
            "config": {
                "lowviolence": "1",
                "language": ""
            },
            "manifests": {
                "public": {
                    "gid": "8518478957342391261",
                    "size": "52196711",
                    "download": "27950128"
                },
                "steam_legacy": {
                    "gid": "672119804007398607",
                    "size": "52196726",
                    "download": "27950304"
                },
                "beta": {
                    "gid": "8518478957342391261",
                    "size": "52196711",
                    "download": "27950128"
                }
            },
            "decryptionkey": "cd3d8b6f23fb863aea4d6789a53dd58dcf284141860e893e8e580d1988d93d3c"
        },
        "72": {
            "config": {
                "language": "french"
            },
            "manifests": {
                "public": {
                    "gid": "491735997354925434",
                    "size": "39331832",
                    "download": "29617440"
                },
                "steam_legacy": {
                    "gid": "9076462543170487900",
                    "size": "39371535",
                    "download": "29623536"
                },
                "beta": {
                    "gid": "491735997354925434",
                    "size": "39331832",
                    "download": "29617440"
                }
            },
            "decryptionkey": "bbc1a14b0c63025aece7d9c3b5a98089205580f321bb5edf6b5f00d368c6face"
        },
        "73": {
            "config": {
                "language": "italian"
            },
            "manifests": {
                "public": {
                    "gid": "3587203030189636184",
                    "size": "54692939",
                    "download": "36527248"
                },
                "steam_legacy": {
                    "gid": "8955354892932449263",
                    "size": "54732725",
                    "download": "36533488"
                },
                "beta": {
                    "gid": "3587203030189636184",
                    "size": "54692939",
                    "download": "36527248"
                }
            },
            "decryptionkey": "9604a5ba9ad4b580269d5362e201d217cdd9d268bf1098e2c6beb0c5ade020d3"
        },
        "74": {
            "config": {
                "language": "german"
            },
            "manifests": {
                "public": {
                    "gid": "6929797608257779911",
                    "size": "52412233",
                    "download": "35264800"
                },
                "steam_legacy": {
                    "gid": "5000716531281502924",
                    "size": "52452190",
                    "download": "35271056"
                },
                "beta": {
                    "gid": "6929797608257779911",
                    "size": "52412233",
                    "download": "35264800"
                }
            },
            "decryptionkey": "49d573f303205df2316749a6ede6725b74651fae3e845494b88ac3d0022a2857"
        },
        "75": {
            "config": {
                "language": "spanish"
            },
            "manifests": {
                "public": {
                    "gid": "6599379689843151742",
                    "size": "48016168",
                    "download": "37926368"
                },
                "steam_legacy": {
                    "gid": "5346937471339178026",
                    "size": "48056236",
                    "download": "37932592"
                },
                "beta": {
                    "gid": "6599379689843151742",
                    "size": "48016168",
                    "download": "37926368"
                }
            },
            "decryptionkey": "1339202607b6485322859fc1f045c6790bbc470a2d3bb8158aa94b06da31f9bb"
        },
        "77": {
            "config": {
                "language": "schinese"
            },
            "manifests": {
                "public": {
                    "gid": "8307934900153578333",
                    "size": "45708546",
                    "download": "32815776"
                },
                "steam_legacy": {
                    "gid": "6840227080551199882",
                    "size": "45740712",
                    "download": "32821248"
                },
                "beta": {
                    "gid": "8307934900153578333",
                    "size": "45708546",
                    "download": "32815776"
                }
            },
            "decryptionkey": "793780217977cc3a005dc4410e963c980137e4faca4442f92dc41ab56af96983"
        },
        "78": {
            "config": {
                "language": "koreana"
            },
            "manifests": {
                "public": {
                    "gid": "2582370374354695075",
                    "size": "45515236",
                    "download": "33761760"
                },
                "steam_legacy": {
                    "gid": "896621515282850048",
                    "size": "45548818",
                    "download": "33767664"
                },
                "beta": {
                    "gid": "2582370374354695075",
                    "size": "45515236",
                    "download": "33761760"
                }
            },
            "decryptionkey": "39f04a0cc8cffae8023eff1e3e933680681997409823942a5f0f2899d2d2c4b2"
        },
        "79": {
            "config": {
                "language": "tchinese"
            },
            "manifests": {
                "public": {
                    "gid": "6488358189498321283",
                    "size": "45707416",
                    "download": "32815632"
                },
                "steam_legacy": {
                    "gid": "6324191722012548347",
                    "size": "45741130",
                    "download": "32821488"
                },
                "beta": {
                    "gid": "6488358189498321283",
                    "size": "45707416",
                    "download": "32815632"
                }
            },
            "decryptionkey": "019e1cb0950e060fb992001657a444fe03cbc4984081e0d1d9a6505259a7a7e7"
        },
        "141": {
            "config": {
                "language": "russian"
            },
            "manifests": {
                "public": {
                    "gid": "3921686991280371259",
                    "size": "45052",
                    "download": "10352"
                },
                "steam_legacy": {
                    "gid": "6510631708251431404",
                    "size": "79628",
                    "download": "14352"
                },
                "beta": {
                    "gid": "3921686991280371259",
                    "size": "45052",
                    "download": "10352"
                }
            },
            "decryptionkey": "0d85b74e163cceabf3651fdd6084585587461f6f7735c37eef875634fc6886cb"
        },
        "branches": {
            "public": {
                "buildid": "15961492",
                "timeupdated": "1728506407"
            },
            "steam_legacy": {
                "buildid": "5433873",
                "description": "Pre-25th Anniversary Build",
                "timeupdated": "1700243650"
            },
            "beta": {
                "buildid": "15961492",
                "description": "Beta",
                "timeupdated": "1728506815"
            }
        },
        "privatebranches": "1"
    }
}