{
    "appid": "100",
    "type": "Game",
    "name": "Counter-Strike: Condition Zero Deleted Scenes",
    "schinese_name": "",
    "isfreeapp": "0",
    "change_number": "28969249",
    "update_time": "2025-05-14 06:20:40",
    "depot": {
        "101": {
            "systemdefined": "1",
            "manifests": {
                "public": {
                    "gid": "8145292884440584734",
                    "size": "1261802851",
                    "download": "802570128"
                },
                "beta": {
                    "gid": "8179188924685435454",
                    "size": "1260581818",
                    "download": "802264592"
                },
                "steam_legacy": {
                    "gid": "8179188924685435454",
                    "size": "1260581818",
                    "download": "802264592"
                }
            },
            "decryptionkey": "061d03331ce9449deb342be49d66503890adf5bd79e8fe8c27357cfecd3567cc"
        },
        "11": {
            "systemdefined": "1",
            "depotfromapp": "10",
            "sharedinstall": "2"
        },
        "1": {
            "systemdefined": "1",
            "config": {
                "language": ""
            },
            "depotfromapp": "70",
            "sharedinstall": "2"
        },
        "3": {
            "systemdefined": "1",
            "config": {
                "language": ""
            },
            "depotfromapp": "70",
            "sharedinstall": "2"
        },
        "9": {
            "config": {
                "oslist": "macos",
                "language": ""
            },
            "systemdefined": "1",
            "depotfromapp": "70",
            "sharedinstall": "2"
        },
        "8": {
            "config": {
                "oslist": "linux",
                "language": ""
            },
            "systemdefined": "1",
            "depotfromapp": "70",
            "sharedinstall": "2"
        },
        "2": {
            "config": {
                "oslist": "windows",
                "language": ""
            },
            "systemdefined": "1",
            "depotfromapp": "70",
            "sharedinstall": "2"
        },
        "6": {
            "config": {
                "lowviolence": "1",
                "language": ""
            },
            "depotfromapp": "70",
            "sharedinstall": "2"
        },
        "72": {
            "config": {
                "language": "french"
            },
            "depotfromapp": "70",
            "sharedinstall": "2"
        },
        "73": {
            "config": {
                "language": "italian"
            },
            "depotfromapp": "70",
            "sharedinstall": "2"
        },
        "74": {
            "config": {
                "language": "german"
            },
            "depotfromapp": "70",
            "sharedinstall": "2"
        },
        "75": {
            "config": {
                "language": "spanish"
            },
            "depotfromapp": "70",
            "sharedinstall": "2"
        },
        "77": {
            "config": {
                "language": "schinese"
            },
            "depotfromapp": "70",
            "sharedinstall": "2"
        },
        "78": {
            "config": {
                "language": "koreana"
            },
            "depotfromapp": "70",
            "sharedinstall": "2"
        },
        "79": {
            "config": {
                "language": "tchinese"
            },
            "depotfromapp": "70",
            "sharedinstall": "2"
        },
        "141": {
            "config": {
                "language": "russian"
            },
            "depotfromapp": "70",
            "sharedinstall": "2"
        },
        "104": {
            "config": {
                "language": "french"
            },
            "manifests": {
                "public": {
                    "gid": "308201953117119336",
                    "size": "116338795",
                    "download": "78993744"
                },
                "beta": {
                    "gid": "7158305636407121336",
                    "size": "116338872",
                    "download": "78993808"
                },
                "steam_legacy": {
                    "gid": "7158305636407121336",
                    "size": "116338872",
                    "download": "78993808"
                }
            },
            "decryptionkey": "70d203464b22b3827f057fb5b89568629c60f4afce46fc2e37cd34c9f159ee0e"
        },
        "105": {
            "config": {
                "language": "italian"
            },
            "manifests": {
                "public": {
                    "gid": "7257628156378233827",
                    "size": "150002932",
                    "download": "107519472"
                },
                "beta": {
                    "gid": "4306632434778617046",
                    "size": "150003009",
                    "download": "107519536"
                },
                "steam_legacy": {
                    "gid": "4306632434778617046",
                    "size": "150003009",
                    "download": "107519536"
                }
            },
            "decryptionkey": "10e422a74065a3cdb01a1c855db9a4f800df8bb6ed47a8187fa15bf8fbd0d644"
        },
        "106": {
            "config": {
                "language": "german"
            },
            "manifests": {
                "public": {
                    "gid": "4475919498934197778",
                    "size": "151324130",
                    "download": "96062432"
                },
                "beta": {
                    "gid": "6978127435394121644",
                    "size": "151324207",
                    "download": "96062496"
                },
                "steam_legacy": {
                    "gid": "6978127435394121644",
                    "size": "151324207",
                    "download": "96062496"
                }
            },
            "decryptionkey": "9e62afdc4eaa7a567fa6e46b9a4ec204e7f81c7ea5e5053a744d57314fefebf0"
        },
        "107": {
            "config": {
                "language": "spanish"
            },
            "manifests": {
                "public": {
                    "gid": "1240446645381517062",
                    "size": "156441522",
                    "download": "92849840"
                },
                "beta": {
                    "gid": "9113055379853211679",
                    "size": "156441599",
                    "download": "92849904"
                },
                "steam_legacy": {
                    "gid": "9113055379853211679",
                    "size": "156441599",
                    "download": "92849904"
                }
            },
            "decryptionkey": "3d7176acf7a7e8430500a581af779f7a4f00b8a63326abff1159ecbd0d781e7c"
        },
        "109": {
            "config": {
                "language": "schinese"
            },
            "manifests": {
                "public": {
                    "gid": "788390865382596531",
                    "size": "1790854",
                    "download": "244528"
                },
                "beta": {
                    "gid": "2372050415209503231",
                    "size": "1790931",
                    "download": "244608"
                },
                "steam_legacy": {
                    "gid": "2372050415209503231",
                    "size": "1790931",
                    "download": "244608"
                }
            },
            "decryptionkey": "1d030a64d7f58061ce9ec962f0cc3ae5861a225005f4816aa4ad59224cf19c8f"
        },
        "110": {
            "config": {
                "language": "koreana"
            },
            "manifests": {
                "public": {
                    "gid": "7767186978786576838",
                    "size": "1805110",
                    "download": "247488"
                },
                "beta": {
                    "gid": "7290289690774261466",
                    "size": "1805187",
                    "download": "247568"
                },
                "steam_legacy": {
                    "gid": "7290289690774261466",
                    "size": "1805187",
                    "download": "247568"
                }
            },
            "decryptionkey": "6a28b20061d6b0bd40c33dbedea6208c04245f74f2566b49ca0d95b47cfea496"
        },
        "111": {
            "config": {
                "language": "tchinese"
            },
            "manifests": {
                "public": {
                    "gid": "2283881628958687299",
                    "size": "1790648",
                    "download": "247088"
                },
                "beta": {
                    "gid": "8451680866572640207",
                    "size": "1790725",
                    "download": "247168"
                },
                "steam_legacy": {
                    "gid": "8451680866572640207",
                    "size": "1790725",
                    "download": "247168"
                }
            },
            "decryptionkey": "6d29389b39a30511a01cfb2873fb775abc1bed1b1ebc5ccdcb4f72fa6a708ad3"
        },
        "144": {
            "config": {
                "language": "russian"
            },
            "manifests": {
                "public": {
                    "gid": "7743952653100866594",
                    "size": "237112",
                    "download": "35088"
                },
                "beta": {
                    "gid": "7743952653100866594",
                    "size": "237112",
                    "download": "35088"
                },
                "steam_legacy": {
                    "gid": "7743952653100866594",
                    "size": "237112",
                    "download": "35088"
                }
            },
            "decryptionkey": ""
        },
        "overridescddb": "1",
        "branches": {
            "public": {
                "buildid": "12934632",
                "timeupdated": "1702399132"
            },
            "beta": {
                "buildid": "5424822",
                "timeupdated": "1597789947"
            },
            "steam_legacy": {
                "buildid": "5424822",
                "description": "Pre-25th Anniversary Build",
                "timeupdated": "1701152743"
            }
        },
        "privatebranches": "1"
    }
}