{
    "appid": "60",
    "type": "Game",
    "name": "Ricochet",
    "schinese_name": "跳跃袭击",
    "isfreeapp": "0",
    "change_number": "28969249",
    "update_time": "2025-05-14 06:20:43",
    "depot": {
        "1": {
            "systemdefined": "1",
            "config": {
                "language": ""
            },
            "depotfromapp": "70",
            "sharedinstall": "2"
        },
        "61": {
            "systemdefined": "1",
            "manifests": {
                "public": {
                    "gid": "4560730344969588055",
                    "size": "17605146",
                    "download": "5540800"
                },
                "beta": {
                    "gid": "4560730344969588055",
                    "size": "17605146",
                    "download": "5540800"
                }
            },
            "decryptionkey": "32786a74b6590545be36d6d2cdcd75008c950d0baba60407c54c8148743953f2"
        },
        "3": {
            "systemdefined": "1",
            "config": {
                "language": ""
            },
            "depotfromapp": "70",
            "sharedinstall": "2"
        },
        "9": {
            "config": {
                "oslist": "macos",
                "language": ""
            },
            "systemdefined": "1",
            "depotfromapp": "70",
            "sharedinstall": "2"
        },
        "8": {
            "config": {
                "oslist": "linux",
                "language": ""
            },
            "systemdefined": "1",
            "depotfromapp": "70",
            "sharedinstall": "2"
        },
        "2": {
            "config": {
                "oslist": "windows",
                "language": ""
            },
            "systemdefined": "1",
            "depotfromapp": "70",
            "sharedinstall": "2"
        },
        "6": {
            "config": {
                "lowviolence": "1",
                "language": ""
            },
            "depotfromapp": "70",
            "sharedinstall": "2"
        },
        "72": {
            "config": {
                "language": "french"
            },
            "depotfromapp": "70",
            "sharedinstall": "2"
        },
        "73": {
            "config": {
                "language": "italian"
            },
            "depotfromapp": "70",
            "sharedinstall": "2"
        },
        "74": {
            "config": {
                "language": "german"
            },
            "depotfromapp": "70",
            "sharedinstall": "2"
        },
        "75": {
            "config": {
                "language": "spanish"
            },
            "depotfromapp": "70",
            "sharedinstall": "2"
        },
        "77": {
            "config": {
                "language": "schinese"
            },
            "depotfromapp": "70",
            "sharedinstall": "2"
        },
        "78": {
            "config": {
                "language": "koreana"
            },
            "depotfromapp": "70",
            "sharedinstall": "2"
        },
        "79": {
            "config": {
                "language": "tchinese"
            },
            "depotfromapp": "70",
            "sharedinstall": "2"
        },
        "141": {
            "config": {
                "language": "russian"
            },
            "depotfromapp": "70",
            "sharedinstall": "2"
        },
        "62": {
            "config": {
                "language": "french"
            },
            "manifests": {
                "public": {
                    "gid": "7530803099210525545",
                    "size": "3743",
                    "download": "1808"
                },
                "beta": {
                    "gid": "7530803099210525545",
                    "size": "3743",
                    "download": "1808"
                }
            },
            "decryptionkey": "49eba36d29e68a3311048939f73db2d1accb48994d14958792c2be7599b7e928"
        },
        "63": {
            "config": {
                "language": "italian"
            },
            "manifests": {
                "public": {
                    "gid": "1685163940946214666",
                    "size": "3805",
                    "download": "1824"
                },
                "beta": {
                    "gid": "1685163940946214666",
                    "size": "3805",
                    "download": "1824"
                }
            },
            "decryptionkey": "4c7d5239740ea85831b7543da71032f0726b95080e4eda7c6efc69731c7af130"
        },
        "64": {
            "config": {
                "language": "german"
            },
            "manifests": {
                "public": {
                    "gid": "7335488883881387432",
                    "size": "3863",
                    "download": "1888"
                },
                "beta": {
                    "gid": "7335488883881387432",
                    "size": "3863",
                    "download": "1888"
                }
            },
            "decryptionkey": "fb10ec6c3f6ea0b154d79061a5158b9e7eb426ec106dcd26083221b58fd1001a"
        },
        "65": {
            "config": {
                "language": "spanish"
            },
            "manifests": {
                "public": {
                    "gid": "6913148842511053476",
                    "size": "3767",
                    "download": "1840"
                },
                "beta": {
                    "gid": "6913148842511053476",
                    "size": "3767",
                    "download": "1840"
                }
            },
            "decryptionkey": "55a73bdefe0a1e809caf75f3e32a4b27e96131a4e57a5ea8958199ee014f7101"
        },
        "overridescddb": "1",
        "branches": {
            "public": {
                "buildid": "5424813",
                "timeupdated": "1597791644"
            },
            "beta": {
                "buildid": "5424813",
                "description": "SteamPipe beta",
                "timeupdated": "1699520661"
            }
        }
    }
}