{
    "appid": 80,
    "name": "Counter-Strike: Condition Zero",
    "type": "Game",
    "schinese_name": "反恐精英：零点行动",
    "isfreeapp": 0,
    "update_time": "2025-07-02 10:09:21",
    "change_number": 28969249,
    "depot": {
        "11": {
            "systemdefined": "1",
            "depotfromapp": "10",
            "sharedinstall": "2"
        },
        "81": {
            "systemdefined": "1",
            "manifests": {
                "public": {
                    "gid": "7655178544656723224",
                    "size": "415108359",
                    "download": "221317728"
                },
                "beta": {
                    "gid": "3601230779843470737",
                    "size": "415387682",
                    "download": "221328704"
                },
                "steam_legacy": {
                    "gid": "3601230779843470737",
                    "size": "415387682",
                    "download": "221328704"
                }
            },
            "decryptionkey": "e3d6714bfa78ac765f446c4101a16b2383abafd4c84e0f6c993801fd46d54ef2"
        },
        "1": {
            "systemdefined": "1",
            "config": {
                "language": ""
            },
            "depotfromapp": "70",
            "sharedinstall": "2"
        },
        "3": {
            "systemdefined": "1",
            "config": {
                "language": ""
            },
            "depotfromapp": "70",
            "sharedinstall": "2"
        },
        "8": {
            "config": {
                "oslist": "linux",
                "language": ""
            },
            "systemdefined": "1",
            "depotfromapp": "70",
            "sharedinstall": "2"
        },
        "9": {
            "config": {
                "oslist": "macos",
                "language": ""
            },
            "systemdefined": "1",
            "depotfromapp": "70",
            "sharedinstall": "2"
        },
        "2": {
            "config": {
                "oslist": "windows",
                "language": ""
            },
            "systemdefined": "1",
            "depotfromapp": "70",
            "sharedinstall": "2"
        },
        "12": {
            "config": {
                "language": "french"
            },
            "depotfromapp": "10",
            "sharedinstall": "2"
        },
        "13": {
            "config": {
                "language": "italian"
            },
            "depotfromapp": "10",
            "sharedinstall": "2"
        },
        "14": {
            "config": {
                "language": "german"
            },
            "depotfromapp": "10",
            "sharedinstall": "2"
        },
        "15": {
            "config": {
                "language": "spanish"
            },
            "depotfromapp": "10",
            "sharedinstall": "2"
        },
        "17": {
            "config": {
                "language": "schinese"
            },
            "depotfromapp": "10",
            "sharedinstall": "2"
        },
        "18": {
            "config": {
                "language": "koreana"
            },
            "depotfromapp": "10",
            "sharedinstall": "2"
        },
        "19": {
            "config": {
                "language": "tchinese"
            },
            "depotfromapp": "10",
            "sharedinstall": "2"
        },
        "142": {
            "config": {
                "language": "russian"
            },
            "depotfromapp": "10",
            "sharedinstall": "2"
        },
        "82": {
            "config": {
                "language": "french"
            },
            "manifests": {
                "public": {
                    "gid": "6481747148027572735",
                    "size": "12496525",
                    "download": "8923040"
                },
                "beta": {
                    "gid": "2697121678467723716",
                    "size": "12499148",
                    "download": "8923824"
                },
                "steam_legacy": {
                    "gid": "2697121678467723716",
                    "size": "12499148",
                    "download": "8923824"
                }
            },
            "decryptionkey": "d78e51dd1831ff5bc99cb794fed8c31aca71297a7ae7360f646cf5fe1728525f"
        },
        "83": {
            "config": {
                "language": "italian"
            },
            "manifests": {
                "public": {
                    "gid": "1445587957164505542",
                    "size": "676773",
                    "download": "155328"
                },
                "beta": {
                    "gid": "8666733556679424559",
                    "size": "679396",
                    "download": "156160"
                },
                "steam_legacy": {
                    "gid": "8666733556679424559",
                    "size": "679396",
                    "download": "156160"
                }
            },
            "decryptionkey": "3910c4cc001ec0efe6624eece7045e6d78144a32fb21e8eaccabde6c3ac532fd"
        },
        "84": {
            "config": {
                "language": "german"
            },
            "manifests": {
                "public": {
                    "gid": "6076619725474948825",
                    "size": "12147879",
                    "download": "8558336"
                },
                "beta": {
                    "gid": "8030248102525037486",
                    "size": "12150506",
                    "download": "8559120"
                },
                "steam_legacy": {
                    "gid": "8030248102525037486",
                    "size": "12150506",
                    "download": "8559120"
                }
            },
            "decryptionkey": "59a8baacaa0b59cc397031179938f4f9b0fa8d9a9a6c828da6bf84588205dead"
        },
        "85": {
            "config": {
                "language": "spanish"
            },
            "manifests": {
                "public": {
                    "gid": "2423840343594945276",
                    "size": "12585728",
                    "download": "9069616"
                },
                "beta": {
                    "gid": "5011302128788140712",
                    "size": "12588352",
                    "download": "9070384"
                },
                "steam_legacy": {
                    "gid": "5011302128788140712",
                    "size": "12588352",
                    "download": "9070384"
                }
            },
            "decryptionkey": "b68e9593f5e743e331ebbbc141d87cabc73d967e87bdecebe2ebff612c3374ab"
        },
        "87": {
            "config": {
                "language": "schinese"
            },
            "manifests": {
                "public": {
                    "gid": "5804912662566361365",
                    "size": "22479201",
                    "download": "16104272"
                },
                "beta": {
                    "gid": "5305800075172283900",
                    "size": "22481968",
                    "download": "16105152"
                },
                "steam_legacy": {
                    "gid": "5305800075172283900",
                    "size": "22481968",
                    "download": "16105152"
                }
            },
            "decryptionkey": "0efbbd26f79a16cd7b6792eb9ada298ba2b35e6ceb9dae55f38de6edf1a2195e"
        },
        "88": {
            "config": {
                "language": "koreana"
            },
            "manifests": {
                "public": {
                    "gid": "3881160657613860571",
                    "size": "629083",
                    "download": "151104"
                },
                "beta": {
                    "gid": "2622649800313363139",
                    "size": "631885",
                    "download": "151968"
                },
                "steam_legacy": {
                    "gid": "2622649800313363139",
                    "size": "631885",
                    "download": "151968"
                }
            },
            "decryptionkey": "3855a57ff95d6b1e28417b00dbd1d6f5874cb6fe734edafef5fb96a2982f3d79"
        },
        "89": {
            "config": {
                "language": "tchinese"
            },
            "manifests": {
                "public": {
                    "gid": "8869241370019255783",
                    "size": "13774855",
                    "download": "8788336"
                },
                "beta": {
                    "gid": "8504762288735469453",
                    "size": "13777582",
                    "download": "8789120"
                },
                "steam_legacy": {
                    "gid": "8504762288735469453",
                    "size": "13777582",
                    "download": "8789120"
                }
            },
            "decryptionkey": "5a3cc8417d106adb4051844e62e18317d69bc39ee9df52fa54e2b67e3261401b"
        },
        "143": {
            "config": {
                "language": "russian"
            },
            "manifests": {
                "public": {
                    "gid": "4780651339140012538",
                    "size": "379714",
                    "download": "60992"
                },
                "beta": {
                    "gid": "4780651339140012538",
                    "size": "379714",
                    "download": "60992"
                },
                "steam_legacy": {
                    "gid": "4780651339140012538",
                    "size": "379714",
                    "download": "60992"
                }
            },
            "decryptionkey": ""
        },
        "6": {
            "config": {
                "lowviolence": "1",
                "language": ""
            },
            "depotfromapp": "70",
            "sharedinstall": "2"
        },
        "overridescddb": "1",
        "branches": {
            "public": {
                "buildid": "12934630",
                "timeupdated": "1702399079"
            },
            "beta": {
                "buildid": "5424826",
                "description": "SteamPipe",
                "timeupdated": "1597789926"
            },
            "steam_legacy": {
                "buildid": "5424826",
                "description": "Pre-25th Anniversary Build",
                "timeupdated": "1701107902"
            }
        },
        "privatebranches": "1"
    }
}