{
    "appid": "30",
    "type": "Game",
    "name": "Day of Defeat",
    "schinese_name": "胜利之日",
    "isfreeapp": "0",
    "change_number": "28969249",
    "update_time": "2025-05-14 06:20:42",
    "depot": {
        "1": {
            "systemdefined": "1",
            "config": {
                "language": ""
            },
            "depotfromapp": "70",
            "sharedinstall": "2"
        },
        "31": {
            "systemdefined": "1",
            "manifests": {
                "public": {
                    "gid": "3826716661969602728",
                    "size": "391387184",
                    "download": "233925568"
                },
                "beta": {
                    "gid": "3826716661969602728",
                    "size": "391387184",
                    "download": "233925568"
                }
            },
            "decryptionkey": "4d5feb3d2283c50f9d90f8d2b785f4ff4aa057829acf3fc00ce69326b14ca65a"
        },
        "3": {
            "systemdefined": "1",
            "config": {
                "language": ""
            },
            "depotfromapp": "70",
            "sharedinstall": "2"
        },
        "9": {
            "config": {
                "oslist": "macos",
                "language": ""
            },
            "systemdefined": "1",
            "depotfromapp": "70",
            "sharedinstall": "2"
        },
        "8": {
            "config": {
                "oslist": "linux",
                "language": ""
            },
            "systemdefined": "1",
            "depotfromapp": "70",
            "sharedinstall": "2"
        },
        "2": {
            "config": {
                "oslist": "windows",
                "language": ""
            },
            "systemdefined": "1",
            "depotfromapp": "70",
            "sharedinstall": "2"
        },
        "6": {
            "config": {
                "lowviolence": "1",
                "language": ""
            },
            "depotfromapp": "70",
            "sharedinstall": "2"
        },
        "72": {
            "config": {
                "language": "french"
            },
            "depotfromapp": "70",
            "sharedinstall": "2"
        },
        "73": {
            "config": {
                "language": "italian"
            },
            "depotfromapp": "70",
            "sharedinstall": "2"
        },
        "74": {
            "config": {
                "language": "german"
            },
            "depotfromapp": "70",
            "sharedinstall": "2"
        },
        "75": {
            "config": {
                "language": "spanish"
            },
            "depotfromapp": "70",
            "sharedinstall": "2"
        },
        "77": {
            "config": {
                "language": "schinese"
            },
            "depotfromapp": "70",
            "sharedinstall": "2"
        },
        "78": {
            "config": {
                "language": "koreana"
            },
            "depotfromapp": "70",
            "sharedinstall": "2"
        },
        "79": {
            "config": {
                "language": "tchinese"
            },
            "depotfromapp": "70",
            "sharedinstall": "2"
        },
        "141": {
            "config": {
                "language": "russian"
            },
            "depotfromapp": "70",
            "sharedinstall": "2"
        },
        "32": {
            "config": {
                "language": "french"
            },
            "manifests": {
                "public": {
                    "gid": "4900573185183522700",
                    "size": "4713627",
                    "download": "3595456"
                },
                "beta": {
                    "gid": "4900573185183522700",
                    "size": "4713627",
                    "download": "3595456"
                }
            },
            "decryptionkey": "8e2fcb16f1a7e99aec4c037da7536085d6342de4b87320cf723f1a7cf30af352"
        },
        "33": {
            "config": {
                "language": "italian"
            },
            "manifests": {
                "public": {
                    "gid": "3999480029339495281",
                    "size": "4722898",
                    "download": "3594576"
                },
                "beta": {
                    "gid": "3999480029339495281",
                    "size": "4722898",
                    "download": "3594576"
                }
            },
            "decryptionkey": "2863b8218868795c976bcda78604dd813861c9c8859fb751c71b38fd95c852e2"
        },
        "34": {
            "config": {
                "language": "german"
            },
            "manifests": {
                "public": {
                    "gid": "6589552847600003522",
                    "size": "4715435",
                    "download": "3595376"
                },
                "beta": {
                    "gid": "6589552847600003522",
                    "size": "4715435",
                    "download": "3595376"
                }
            },
            "decryptionkey": "beca474197ac3935ab475f20ccb8c6813e15a99335dd419fc384881482b3926f"
        },
        "35": {
            "config": {
                "language": "spanish"
            },
            "manifests": {
                "public": {
                    "gid": "783796907033752286",
                    "size": "4715185",
                    "download": "3593024"
                },
                "beta": {
                    "gid": "783796907033752286",
                    "size": "4715185",
                    "download": "3593024"
                }
            },
            "decryptionkey": "0a83a4119e657daa861fc0e3b4cb4229ea3cc346c5fdeeda090e69754bef9d20"
        },
        "overridescddb": "1",
        "branches": {
            "public": {
                "buildid": "5424802",
                "timeupdated": "1597791632"
            },
            "beta": {
                "buildid": "5424802",
                "description": "SteamPipe beta",
                "timeupdated": "1597789902"
            }
        }
    }
}