{
    "appid": "50",
    "type": "Game",
    "name": "Half-Life: Opposing Force",
    "schinese_name": "半条命：针锋相对",
    "isfreeapp": "0",
    "change_number": "28969249",
    "update_time": "2025-05-14 06:20:37",
    "depot": {
        "228988": {
            "config": {
                "oslist": "windows"
            },
            "depotfromapp": "228980",
            "sharedinstall": "1"
        },
        "overridescddb": "1",
        "1": {
            "systemdefined": "1",
            "config": {
                "language": ""
            },
            "depotfromapp": "70",
            "sharedinstall": "2"
        },
        "51": {
            "systemdefined": "1",
            "manifests": {
                "public": {
                    "gid": "789184054796507140",
                    "size": "286265390",
                    "download": "147668032"
                },
                "beta": {
                    "gid": "789184054796507140",
                    "size": "286265390",
                    "download": "147668032"
                }
            },
            "decryptionkey": "cfb8898867eae1901bce2e85444f2cf5c689d4806c137692f0f370868d0b4f03"
        },
        "3": {
            "systemdefined": "1",
            "config": {
                "language": ""
            },
            "depotfromapp": "70",
            "sharedinstall": "2"
        },
        "2": {
            "config": {
                "oslist": "windows",
                "language": ""
            },
            "systemdefined": "1",
            "depotfromapp": "70",
            "sharedinstall": "2"
        },
        "9": {
            "config": {
                "oslist": "macos",
                "language": ""
            },
            "systemdefined": "1",
            "depotfromapp": "70",
            "sharedinstall": "2"
        },
        "8": {
            "config": {
                "oslist": "linux",
                "language": ""
            },
            "systemdefined": "1",
            "depotfromapp": "70",
            "sharedinstall": "2"
        },
        "96": {
            "config": {
                "language": ""
            },
            "depotfromapp": "70",
            "sharedinstall": "2"
        },
        "6": {
            "config": {
                "lowviolence": "1",
                "language": ""
            },
            "depotfromapp": "70",
            "sharedinstall": "2"
        },
        "72": {
            "config": {
                "language": "french"
            },
            "depotfromapp": "70",
            "sharedinstall": "2"
        },
        "73": {
            "config": {
                "language": "italian"
            },
            "depotfromapp": "70",
            "sharedinstall": "2"
        },
        "74": {
            "config": {
                "language": "german"
            },
            "depotfromapp": "70",
            "sharedinstall": "2"
        },
        "75": {
            "config": {
                "language": "spanish"
            },
            "depotfromapp": "70",
            "sharedinstall": "2"
        },
        "77": {
            "config": {
                "language": "schinese"
            },
            "depotfromapp": "70",
            "sharedinstall": "2"
        },
        "78": {
            "config": {
                "language": "koreana"
            },
            "depotfromapp": "70",
            "sharedinstall": "2"
        },
        "79": {
            "config": {
                "language": "tchinese"
            },
            "depotfromapp": "70",
            "sharedinstall": "2"
        },
        "141": {
            "config": {
                "language": "russian"
            },
            "depotfromapp": "70",
            "sharedinstall": "2"
        },
        "52": {
            "config": {
                "language": "german"
            },
            "manifests": {
                "public": {
                    "gid": "5528482501962900096",
                    "size": "34076169",
                    "download": "18320000"
                },
                "beta": {
                    "gid": "5528482501962900096",
                    "size": "34076169",
                    "download": "18320000"
                }
            },
            "decryptionkey": "9f4f1e296fdb38bfbc27c771600e598198839f9503135a4b2b813536c48c516c"
        },
        "53": {
            "config": {
                "language": "french"
            },
            "manifests": {
                "public": {
                    "gid": "5763450929861348423",
                    "size": "35639689",
                    "download": "19131840"
                },
                "beta": {
                    "gid": "5763450929861348423",
                    "size": "35639689",
                    "download": "19131840"
                }
            },
            "decryptionkey": "3ff910cb008ad4571814eb9367e42406cc39e0e6096ed428cdc5b182bb7874b4"
        },
        "56": {
            "config": {
                "language": "koreana"
            },
            "manifests": {
                "public": {
                    "gid": "6741694038486968355",
                    "size": "1047952",
                    "download": "348112"
                },
                "beta": {
                    "gid": "6741694038486968355",
                    "size": "1047952",
                    "download": "348112"
                }
            },
            "decryptionkey": "4f56f187e00ad0aafbc1a33ce5e8f39c68ffd641e19596fb63395ec0fb71c758"
        },
        "branches": {
            "public": {
                "buildid": "5429885",
                "timeupdated": "1597805786"
            },
            "beta": {
                "buildid": "5429885",
                "description": "Steampipe beta",
                "timeupdated": "1597805536"
            }
        },
        "privatebranches": "1"
    }
}