{
    "appid": 90,
    "name": "Half-Life Dedicated Server",
    "type": "Tool",
    "schinese_name": "",
    "isfreeapp": 0,
    "update_time": "2025-07-23 19:34:44",
    "change_number": 30212673,
    "depot": {
        "1": {
            "systemdefined": "1",
            "config": {
                "language": ""
            },
            "depotfromapp": "70",
            "sharedinstall": "2"
        },
        "11": {
            "systemdefined": "1",
            "depotfromapp": "10",
            "sharedinstall": "2"
        },
        "4": {
            "config": {
                "oslist": "linux"
            },
            "manifests": {
                "public": {
                    "gid": "3422820008550101176",
                    "size": "36583373",
                    "download": "11094560"
                },
                "steam_legacy": {
                    "gid": "8690279432129063737",
                    "size": "25737094",
                    "download": "8090192"
                },
                "beta": {
                    "gid": "3379700437114774183",
                    "size": "36583373",
                    "download": "11094464"
                }
            },
            "decryptionkey": "57ef98de5388a84cbd6ba94dcda36f8bb749177daabf35212fefcc098333e4d5"
        },
        "5": {
            "config": {
                "oslist": "windows"
            },
            "manifests": {
                "public": {
                    "gid": "2602921513184876182",
                    "size": "16173789",
                    "download": "5310992"
                },
                "steam_legacy": {
                    "gid": "1292976893473204445",
                    "size": "12788205",
                    "download": "4814512"
                },
                "beta": {
                    "gid": "7160638285805069857",
                    "size": "15944895",
                    "download": "5255792"
                }
            },
            "decryptionkey": "3a44e8436f9ea11ddcbbe27e227c31a11255180f9964d5e3cc3168eee8512579"
        },
        "71": {
            "systemdefined": "1",
            "config": {
                "language": ""
            },
            "depotfromapp": "70",
            "sharedinstall": "2"
        },
        "81": {
            "systemdefined": "1",
            "depotfromapp": "80",
            "config": {
                "mod": "czero"
            },
            "sharedinstall": "2"
        },
        "31": {
            "systemdefined": "1",
            "depotfromapp": "30",
            "config": {
                "mod": "dod"
            },
            "sharedinstall": "2"
        },
        "21": {
            "systemdefined": "1",
            "depotfromapp": "20",
            "config": {
                "mod": "tfc"
            },
            "sharedinstall": "2"
        },
        "41": {
            "systemdefined": "1",
            "depotfromapp": "40",
            "config": {
                "mod": "dmc"
            },
            "sharedinstall": "2"
        },
        "61": {
            "systemdefined": "1",
            "depotfromapp": "60",
            "config": {
                "mod": "ricochet"
            },
            "sharedinstall": "2"
        },
        "51": {
            "systemdefined": "1",
            "depotfromapp": "50",
            "config": {
                "mod": "gearbox"
            },
            "sharedinstall": "2"
        },
        "1004": {
            "config": {
                "oslist": "windows"
            },
            "manifests": {
                "public": {
                    "gid": "8904491048620934740",
                    "size": "68697032",
                    "download": "20552544"
                }
            },
            "depotfromapp": "1007",
            "decryptionkey": "f21faa4f29ecee9d192fc1784d1701376eb87e13521824ceaf0116b10c558a81"
        },
        "1005": {
            "config": {
                "oslist": "macos"
            },
            "manifests": {
                "public": {
                    "gid": "2135359612286175146",
                    "size": "0",
                    "download": "0"
                }
            },
            "depotfromapp": "1007",
            "decryptionkey": "ffa980484d510ce8d7bfcdfde8545a438acc894accb6750711fdb75c0ee92ad9"
        },
        "1006": {
            "config": {
                "oslist": "linux"
            },
            "manifests": {
                "public": {
                    "gid": "5587033981095108078",
                    "size": "107476144",
                    "download": "29272144"
                }
            },
            "depotfromapp": "1007",
            "decryptionkey": "0a6d85ecbae0b6b89cf23244f6b4a69fe14e3e64b128473e93f9a2ed3d835b1c"
        },
        "overridescddb": "1",
        "branches": {
            "public": {
                "buildid": "15961496",
                "timeupdated": "1728506475"
            },
            "steam_legacy": {
                "buildid": "5433925",
                "description": "Pre-25th Anniversary Build",
                "timeupdated": "1700620170"
            },
            "beta": {
                "buildid": "17131367",
                "timeupdated": "1738003009"
            }
        },
        "privatebranches": "1"
    }
}